suburb,incident_date,injuries,offender,victim
Ocean Throughway,2015-01-04,no injuries,??,Dog
Ocean Grove,2015-01-06,bite marks,Jack Russell,Person/dog
Grovedale,2015-01-07,bites,??,Dog
Norlane,2015-01-07,bites,??,Cat
Corio,2015-01-08,bites,??,Dog
North Geelong ,2015-01-12,??,??,Person 
Drysdale,2015-01-22,"death, bites",Sib Husky,Cat/ sheep
Newtown,2015-01-28,bites,Mastiff,Dog
North Geelong,2015-01-29,bites,Staf, Dog
St Leonards,2015-01-30,Bites,Great Dane,Dog
Grovedale,2015-01-30,bite on ear,POMX,Dog
Portarlington,2015-01-09,Bite,Staffy,Dog/Child
Corio,2015-01-17,??,??,??
Bell Post Hill,2015-01-27,??,American Staffordshire,Dog
Ocean Grove,2015-01-31,pelvic fracture and bites,Labradoodle,dog/person
Ocean Grove Public,2015-01-26,bites,Maltese x,Dog
Point Lonsdale,2015-01-11,bites,Jack Russell,person
Point Lonsdale,2015-01-11,Bite,Jack Russell,Person
Clifton Springs,2015-02-02,death,no specified,Kitten
Grovedale,2015-02-04,bites,Not specified on rfs,dogs
NEWTOWN,2015-02-04,bite,Hungarian Vizsla,Person 
Newtown,2015-02-07,bite,Bull Terrier,person dog
Marshall,2015-02-17,death,??,sheeps
Drysdale,2015-02-19,??,??,Dog
Curlewis,2015-02-20,injured,??,ewe
Ocean Grove,2015-02-19,not specified,??,Dog
BELL POST HILL,2015-02-14, death,Dalmatian,dog
lara,2015-01-28,not specified,Alaskan/Malamute,cat
Indented Head,2015-02-11,bite,"Staghound, Mastiff/Cross",person
Curlewis,2015-03-02,?,not attached to RFS,Dog
Moolap,2015-03-09,puncture wound,Rottweiler,Dog
Geelong,2015-03-15,Death of Dog,Blue Heeler,Dog
Grovedale,2015-03-15,Not specified,Pomeranian/Cross,Dog
South Geelong,2015-03-19,Dog was admitted for surgery,German Shepherd,Dog
Whittington,2015-03-22,?,?,Dog
Norlane,2015-03-23,Death,?,Cat
Newtown,2015-03-24,Bite,Shitzhu,Person
Leopold,2015-03-19,"Broken Jaw, Punctured leg",Staffy,Dog
Bell Park,2015-03-12,?,?,Dog
Lara,2015-03-31,?,?,Dog
Leopold,2015-03-31,death?,?,Dog
Ocean Grove,2015-03-31,Puncture,?,Dog
Belmont,2015-04-01,puncture ,kelpie x,Dog/Person
Marshall,2015-04-01,?,?,dog 
Corio,2015-04-02,?,Pitbull like,Dog
Ocean Grove,2015-04-07,?,Staffy,Dog
Ocean Grove,2015-04-07,torn clothing,Lab x,Person
Armstrong Creek,2015-04-09,death,bulldog x,Sheeps
Lara,2015-04-09,?,bull terrier ,sheeps
Belmont,2015-04-15,?,?,Person
North Geelong,2015-04-17,?,?,Child
Thomson,2015-04-20,?,?,Chickens
Leopold,2015-04-20,puncture wounds,?,Dog
Leopold,2015-04-22,?,?,Dog
LEOPOLD,2015-04-21,?,Staffy,Dog
Drysdale,2015-04-24,bite  on right leg,Blue Heeler x,Person
Lara,2015-04-01,death,2 pitbulls& whippet,cat
Belmont,2015-04-14,bite,poodle x Schnauzer ,People
Norlane,2015-04-25,death,Pitbull x,Cat
Wallington,2015-04-26,death?,Lab  ,Chooks
Herne Hill,2015-05-01,Bite Mark,?,Dog
Corio,2015-05-02,death,"Husky, German Shepherd",Chooks
Newtown,2015-05-04,Bite Mark,Blue Heeler,Person
Highton,2015-05-06,Bite Mark,Blue Heeler,Dog
Bell park,2014-01-02,,Samoyed,Dog
Lara,2014-01-23,Death,Great Dane,Cat
Bell Post Hill,,Bite,Jack Russell,Person
Ocean Grove,,Dislocated leg & HipBite,Staffy,DogPerson
Thomson,,Bite,Heeler,Person
Lovely Banks,2014-01-20,Bite,Jack Russell,Person
St Leonards,2014-01-05,Torn Nose,Kelpie,Person
Bell Park,2014-02-14,,St Bernard,Dog
Geelong,2014-02-10,Bite,Staffy,Dog 
Lovely Banks,2014-02-28,Death,Rottweiler,Goat
Lara,2014-02-05,Death,StaffyJack Russell,Chicken
Wandana Heights,2014-02-25,Severe tearing,Blue Heeler,Person
Wandana Heights,2014-02-05,,Weimaraner,Dog
Corio,2014-02-09,Broken Skin,Staffy x 2,Dog
Corio,2014-02-09,Broken Skin,Staffy x 2,Dog
Norlane,,Puncture Wound,,Dog
Waurn Ponds,2014-02-25,Bite,Staffy,Person
Portarlington,2014-03-07,,Bull Terrier,Cat
Whittington,2014-03-17,Puncture Wound,,Dog
Armstrong Creek,2014-03-21,,Pitbull X,Dog
Lara,,Mauled,Huskies X 2,Dog
LARA,2014-03-01,Severe Tearing,Bull Mastiff,Person
Lara,2014-03-19,Death,,Dog
North Geelong,2014-03-24,Broken Skin,Dachshund,Person
Breakwater,2014-03-12,Broken Skin,Bulldog x,Person
Wallington,2014-04-13,Death,,Sheep
Newtown,2014-04-15,Puncture Wound,German Shepherd,Dog
Drysdale,,,,Dog
Leopold,2014-04-26,Death,,Chicken
Manifold Heights,2014-04-24,Bite,Mastiff X,Person
Ocean Grove,2014-03-18,Death,,Dog
Barwon Heads,2014-04-13,,Rotweilers,Cat
Highton,,,,Dog
Grovedale,2014-04-14,Bite,,Person
Stead Park,2014-04-07,Bite,,Dog
Portarlington,2014-04-07,,American Staffie,Dog
,2014-04-05,Bite,Border Collie,Dog
Leopold,2014-04-10,,American Staffie,Dog
Lara,2014-04-04,,,Sheep
Drysdale,2014-04-02,Death,Husky,Dog
Leopold,,Death,Staffy,Rabbit
Ocean Grove,,Death,Staffy x2 ,Dog
St Albans Park,2014-05-02,Puncture Wounds,Staffys,Dog
Leopold,,,,Dog
Curlewis,2014-05-08,Death,Lab,Sheep
Herne Hill,,,,Dog
Geelong,2014-05-27,Bite,Staffy,Person
Corio,0202-10-05,Bite,German Shephard,Person
Armstrong Creek,,,,Dog
Waurn Ponds,2014-05-26,Soft Tissue Injury,,Dog
Belmont,2014-06-04,,Boxer,Person
Ocean Grove,2014-06-05,Death,German Shephard/Rotti,Chickens
Belmont,2014-06-15,,Greyhound,Dog
Moolap,2014-06-15,Death,Staffy &West Highland Terrier,Chickens
Corio,2014-06-18,,Blue Heeler/Kelpie,Person
Lara,2014-06-26,Serious Injury,Staffies,Alpaca
St Leonards,2014-06-28,Death,,Dog
Norlane,2014-06-27,Death,StaffieFoxie,Rabbits
Lara,2014-06-26,Bite Marks,German Shephard,Dog
Belmont,,Bite Marks,Jac Russel,Dog
Grovedale,2014-07-10,Bite ,Boxers,Boy
St Leonards,2014-07-03,Bite ,"size of ridgeback, boxer face",Girl
Leopold,2014-07-14,Bite ,"notes updated by officer but no description of offending dog, no ID # and no MC",Person
Wallington,2014-07-01,Major Bruising,German Shepherd,Dog
Leopold,2015-07-02,loss of fur,"officer spoken to owner but dog details not updated on RFS, not linked to animal module",Cat
Corio,2015-07-01,"bite marks, loss of teeth",notes updated by officer but no animal link to this RFS,Cat
Belmont,2014-07-29,Puncture Wounds,Tibetan,Dog
Highton,2014-07-16,Puncture Wounds,Staffys,Dog
Corio,2014-07-19,Death,Dog seized and taken to GAWS but no animal link to this RFS,Dog
Corio,2014-07-26,Death,Staffys,Dog
Grovedale,2014-07-17,One of the dogs latched onto his dog and shook it around. It doesnt appear to have any injury,KelpieLab,Dog
Norlane,2014-07-14,,Ridgeback,Dog
North Shore,2014-07-16,Bite ,Jack Russell,Person
Newcomb,2014-06-15,No injuries,notes says dog impounded but no animal link to this RFS,Dog
Highton,16//07,Bite/laceratons,See RFS 946389,Dog
Grovedale,2014-08-02,Bite ,German Shepherd,Person
Norlane,2014-08-27,"killed cat, hand injury to person",Rednose Pitbull,Cat/Person
St Albans Park,2014-08-28,none noted,Staffy X,Dog
Hamlyn Heights,2014-08-26,bite to hand,Husky,Person
Moolap,2014-08-25,small bite to hand and leg,Officers attended site and spoke to dog owner but not details or animal link to this RFS,Dog/Person
Waurn Ponds,2014-08-20,Killed rabbit,Ridgeback,Rabbit
Lara,2014-08-16,"not specified, but was taken to the vet and now on meds",German Shepherd,Dog
Lara,2014-08-15,Killed chickens,Boxer,Chickens
Grovedale,2014-08-02,Bite  ?,German Shepherd,Person
Newtown,2014-09-28,Bite on leg,"No dog registered at this address at the time of incident, two lapsed rego only??",Person
Wallington,2014-09-26,,"Officer took statement from owner but have not added offending dog's detail, no animal linked to this RFS",Dog
Highton,2014-09-24,Ears,"no dogs currently registered at 2/2 Gumtree Ct at the time of incident,there were 2 lapsed rego",Dog
Whittington,2014-09-23,Death,"according to RFS notes dog owner interviewed and dog signed over to Council, no details of offending dog",Cat
BarwonHeads,2014-09-22,Death,Ridgeback/Bull Mastiff,Chickens
Grovedale,2014-09-16,Bite to leg,Cattle dog,Person
Grovedale,2014-09-07,??,"Staffy, Kelpie",Cat
Lara,2014-09-18,Death,RFS not linked to animal,Lambs
Lara,2014-09-02,Death,notes says  Impounding Officer to issue infringement for DAL. No animal linked to this RFS,Cat
Norlane,2014-09-30,Bite on leg,Whippet X,Person
Lara,2014-09-29,no specified,Jack Russell,Dog
Corio,2014-09-22,Death,RFS notes not updated with offending dog's details,Guinea Pigs
Lara,2014-09-11,Death ,notes said infringement issued but no animal linked to this RFS,Chickens
Geelong West,2014-09-27,no injuries,??,Person
Portarlington,2014-09-28,Bite on hand,German Shepherd,Person 
Norlane,2014-10-16,bite on arm,Spitz,Child
Moolap,2014-10-14,Bite ,"Staffordshire/Cross, Rhodesian Ridgeback",Dog
St Albans Park,2014-10-14,Death,Husky,Chickens
Norlane,2014-10-12,Bite on forehead,Shepherd X,Person
Leopold,2014-10-09,Death,Husky,Dog 
Pt Henry,2014-10-06,Scratched,"Great Dane, Boxer",Car
Herne Hill,2014-10-21,death,"Anon Call, no dog sighted",Chickens
Norlane,2014-10-02,Bite,,"Person, dog"
Norlane,2014-10-02,??,"Anon Call, no dog sighted",Dog
Lara,2014-10-17,Death,Labrador/Retriever,Sheep
Belmont,2014-10-09,,dog was apparently given away 2 days after incident,Cat
Clifton Springs,2014-11-08,Bite on arm,Bull Mastiff?,Person
Belmont,2014-11-18,,German Shepherd,Person
Belmont,2014-11-01,,Staffy,Person/Dog
Queens Park,2014-11-03,,??,Person/Dog
Queens Park ,2014-11-03,,??,Person/Dog
Norlane,2014-11-10,Bite on arm,Staffy,Person
Norlane,2014-11-10,Bite on arm,Staffy,Person
Lovely Banks,2014-11-13,Death,??,Dog
Newtown,2014-11-28,Wound,Bull Terrier,Dog
Indented Head,2014-11-25,Bite,??,Dog/Person
Clifton Springs,2014-11-04,Bite ,Doberman,Child
Whittington,2014-12-05,bite,Mal/Shi,Person
Clifton Springs,2014-12-02,bowled over,Rotti,Person
St Albans Park,2014-12-03,,Staffy,Person
Corio,2014-12-04,Bite,Staffy,Dog
Mannerim,2014-12-05,Bite ,unknown where the dog came from,Sheep
Ocean Grove,2014-12-10,Bite,Wolfhound/Cross,Dog
Whittington,2014-12-14,Death,Bull Mastiff,Dog
Queens Park,2014-11-15,Bite ,"3rd RFS for same complaint, mavtel done RFS still Suspended",Dog
Clifton View Rd Anakie,2014-12-17,Death ,German Shepherd,Sheep
"Foster St, South Geelong",2014-12-18,Death,Jac Russell,Guiny Pig
"Tunbury Court, HIGHTON",2014-12-30,Bite,Poodle,Person
"Ocean Mist Court, ST LEONARDS",2014-12-22,Bite,Blue Heeler,Person
Staceys Rd,2014-12-31,Bite ,German Shepherd,Dog
Hamlyn Heights,2014-12-13,Bite,Staffy x,Person
Wallington,2013-01-02,Bruising,Maltese,Child
Geelong ,2013-01-21,Bruising,,Dog
Lara,2013-01-21,Death,Doberman,Kangaroo
Corio,2013-01-24,,Pitbull X,Person
Geelong ,2013-01-29,Broken Skins,Staffy X,Person
Marshall,2013-01-22,Scratches,STABUT,Dog
Portarlington,2013-01-27,,Pitbull X,Dog
LARA,2013-01-05,,Labs,Sheep
Norlane,2013-01-18,,Staffy  ,Cat
Waurn Ponds,2013-01-20,Puncture wounds,,Dog
Highton,2013-01-31,Puncture wounds,Staffy's,Dog
Corio,2013-01-18,,Staffy,Dog/Person
Belmont,2013-01-18,,Staffy X,Dog
Geelong ,2013-01-21,Bruising,Jack Russel,Dog
Wallington,2013-01-05,,,Child
Hamlyn Heights,2013-01-06,,,Person
Herne Hill,2013-01-31,Peirced Skin,Staffy,Person
Bremlea,2013-02-05,,Whippet,Dog
Marshall,2013-01-22,Soft Tissue,STABUT,Dog
Geelong West,2013-02-12,,STA,Child
South geelong,2013-02-19,,STA,Dog
Lara,2013-03-19,Broken Skin,Blue Heeler,person
Whittington,2013-03-22,Broken Skin,Staffy,Person
Corio,2013-03-01,death,Mastif,Wallaby
Grovedale,2013-03-13,Death,,Cat
Geelong West,2013-03-18,Broken Skin,STAX,Person
Waurn Ponds,2013-03-13,Death,LAB,Rooster
Geelong  ,2013-03-08,,DOB,Dog
Grovedale,2013-03-28,,,Rabit
Corio,2013-03-03,,,
Grovedale,2013-03-05,,BUTX,Dog
Lara,2013-03-19,Severe Tearing,HEE,Person
Highton,2013-03-06,Puncture wounds,GSH,Person
Norlane,0203-04-03,,STA,Person
Corio,2013-03-07,Broken Skin,Keehound,Person
Lara,2013-02-28,,Pitbull,Person
Bell Post Hill,,,Terrier,Person
Newtown,2013-04-08,,Dalmation,Dog
Wallington,,broken Skin,,Dog
Balliang,2012-11-20,,,Dog
Ocean grove ,,,Staffy,Dog
Ocean grove ,2013-04-17,Severe Tearomg,Staffy,Dog
Whittington,2013-04-01,Puncture Wound,,Person
Fyansford,2013-04-02,Broken Skin,Rhodesian Ridgback,Dog
Norlane,,,Pitbuls,Person
Ocean grove ,2013-04-03,,Border Collie,Dog
Norlane,2013-04-04,Broken Skin,Rotweiler,person
Newtown,2013-04-08,Severe Tearing,Dalmation,Dog
Thompson,2013-05-24,stitches,GSH,dog
Anakie,2013-05-22,Death,Unknown,Lamb
Highton,2013-05-18,stitches,Bulldog,dog
Grovedale,,death,Unknown,Rabbits
Waurn Ponds,2013-05-15,Death,STA,Cat
Belmont,2013-05-15,Bruising,Weimaraner,Person
Leopold,2013-05-14,,Maltese,Person
Marshall,2013-05-10,Broken Skin,,Dog
Hamlyn Heights,,,Staffie,Dog
Corio,2013-05-20,Wound,Am Staf,dog
Corio,2013-05-20,Severe Tearing,Am Staf,Dogperson
Lara,2013-05-12,Stitches,STABUT,Dog
Moorabool,2013-05-10,Death,GSH,Sheep
Norlane,,Death/Bite,Staffie,Cat/Human
Lara,,Death,STA & JAC,Chickens
Belmont,2013-05-23,Broken Skin,ROT & KEL,
Corio,2013-05-14,Severe Tearing,STA,Cat
Corio,2013-05-12,,BUM,Dog
Waurn Ponda,2013-05-02,Broken Skin,STABUT,Dog
Belmont,2013-05-01,Broken Skin,SAF,Person
Clifton Springs,2013-06-09,Torn Clothes,BOC,Person
Norlane ,2013-06-14,,STAXJACX,Norlane
Geelong West,2013-06-21,PunctureWound,,Person
Grovedale,2013-06-25,PunctureWound,KELSTAKELCOL,Dog
Newcomb,2013-06-10,,,Dog
Newcomb,2013-06-12,No injury,BUM,Dog
Little River,2013-06-13,,,Sheep
Whittington,2013-06-21,Bite,,Person
Breakwater,2013-06-05,Bite,STAPIT,Person
Whittington,2013-06-28,Bite,BOCGOL,Dog
Ocean Govr,2013-06-28,,,Dog
Whittington,2013-06-30,wound,,Person
Lara,2013-07-02,Death,,Chicken
St Albans Park,2013-07-04,Death,,Cat
Ocean Grove,2013-07-08,Puncture Wound,,Person
Barwon Heads,2013-07-12,Broken Skin,BHE,Dog
Bell Park,2013-07-31,Death,MAL x 2 ,Chicken
Geelong West,2013-08-30,Bite,unknown,Person
Grovedale,2013-08-01,Bruised,Blue Heeler,Person
Geelong  ,2013-08-14,,,Person
Corio,2013-08-23,,,Dog
Hamlyn Heights,2013-08-20,Broken Skin,LAB,Dog
Clifton Springs,2013-08-20,Puncture Wound,Boxer/Staffy,Person
Highton,2013-08-20,,Kelpie,Dog
Drysdale,2013-08-21,Death,Pitbulls,Calves
Grovedale,2013-08-23,Bite,Blue Heeler,Person
Corio,,,Staffy,
Clifton Springs,2013-08-19,Broken Skin,Mareema Sheepdog,Person
Barwon Heads,2013-08-29,death,Border Collie,Lambs
Drysdale,2013-08-21,Death,,Chickens
Norlane,2013-08-28,Death,,Dog
Ocean Grove,2012-01-03,u/k,u/k,Dog
Ocean Grove,2012-01-01,Person -                                                                                                                                                                                                                                              minor.                                                                                                                                                                                                                                                                   Chickens -                                                                                                                                                                                                                                                    dead,Huskies,Person &                                                                                                                                                                                                                                    Chickens
Lovely Banks,2012-01-04,Dead,German                                                                                                                                                                                                                          Shepherds,Dog
Manifold Heights,2012-01-05,Puncture wound,Heeler/Cross,Person
Curlewis,2012-01-08,Death,Red Heeler,Sheep
Moolap,2012-01-09,Dead,Malamute,Chicken
Highton,2012-01-11,u/k,Rottweiler,Dog
Barwon Heads,2012-01-14,Surgery ,Blue Heeler,Person  
Thomson,2012-01-19,Bruising,Staffy,Dog
Leopold,2012-01-19,Puncture wound,u/k,Dog
Corio,2012-01-25,Puncture wound,Boxers,Person
Newcomb,2012-01-26,u/k,German Shepherds (Guard Dogs),Cat
Point Cook,2011-12-25,Surgery ,Pomeranian,Person
North Geelong,2012-01-21,Puncture wound,Red Heeler,Person
Waurn Ponds,2012-01-25,Puncture wound,Staffy,Dog
Ocean Grove,2012-01-01,Dead,Huskys,Chooks
Lovely Banks,2012-01-04,Dead,German sheperd,Dog
Curlewis,2012-01-08,dead,Heeler/Cross,Sheep
Newcomb,2012-01-09,dead,Malamute,Chooks
Moolap,2012-01-26,Dead,German Shep,Cat
Barwon Heads,2012-01-14,Surgery ,Blue Heeler,Person
U/K,2012-01-12,bite,Rottweiler,Dog
Leopold,2012-01-19,Bite Wound,Boxer x,dog
Bell Post Hill,2012-01-06,Bite,U/K,Person
corio,2012-01-25,Bite,U/K,Person
Lara,2012-02-01,Bruising,pitbull X bull mastif,Person
Corio,2012-02-01,Puncture wound ,u/k,Person
Lara,2012-02-02,Puncture wound ,bull mastiffs,Person
Corio,2012-02-04,Nil,Bull MastiffX,Person
Highton,2012-02-06,Internal bleeding,u/k,Dog
Lara,2012-02-06,1 x lost ear.                                                                                                                                                                                                                                              1 x mauled,Whippet X Woulfhound,2 x Sheep
Newtown,2012-02-07,Puncture wound (minor),Staffy,Dog
Norlane,2012-02-05,Deceased,GSH,Cat
Hamlyn Heights,2012-02-19,Cat attacked,Greyhound,Cat
Highton,2012-02-25,Broken skin,Maltese x2,Person
Hamlyn Heights,2012-03-13,u/k,?,Dog
Grovedale,2012-03-16,Euthanased,Staffy's,Dog
Drysdale,2012-03-12,Bite Wound,Lab x,Dog
Newcomb,2012-03-19,Severe Tearing,stffy or pitbull,Dog
U/K,2012-04-02,U/K,Greyhound,Dog
Corio,2012-04-03,Puncture Wounds,Staffyx,Dog
Avalon,2012-04-10,Bite Wound,Staffy Shipperke,Sheep
Grovedale,2012-04-08,Bite Wound,U/K,Person
Lara,2012-04-11,mauled,Rhodesian Ridgeback & ?,Sheep
Grovedale,2012-04-12,Torn pants,Pugx,Person
Lara,2012-02-06,Mauled,?,Sheep
Highton,2012-02-06,Minor bite,?,Dog
U/K,2012-02-10,Taken to vet,U/K,Dog
Hamlyn Heights,2012-02-23,Taken to vet,U/K,Cat
Norlane,2012-02-05,Dead,GSP,Cat
Newtown,2012-02-07,Minor bite,staffy,Dog
Belmont,2012-02-29,minor bite,German Shep,Dog
Lara,2012-02-01,Bruise on leg,Pitbullx,Person
Lara,2012-02-06,bite in hand,Mastiff x,person
Corio,2012-02-01,bite on arm,rotti,person
Corio,2012-02-06,minor bite,Mastiff x,person
Lara,2012-02-20,bite on ankle,Kelpie,person
Lara,2012-02-22,minor bite,German shep,Dog
,,,,
whittington,2012-03-13,bite wounds,Staffys,Cat
Hamlyn Heights,2012-03-13,Taken to vet,U/K,Dog
Grovedale ,2012-03-16,Deceased,Staffys,Dog
Drysdale,2012-03-16,Taken to vet,U/K,Dog
Newcomb,2012-03-20,Taken to vet,pitbull,Dog
Belmont,2012-03-19,Taken to vet,Staffy x,Dog
Corio,2012-03-27,Taken to vet,Rotti's,Dog
Waurn Ponds,2012-03-26,Taken to vet,U/K,Dog
Portarlington,2012-03-05,Pants torn,U/K,Person
whittington,2012-03-13,taken to vet,staffy x,cat
corio,2012-04-03,Bite,Staffyx,Dog
U/K,2012-04-04,Dead,Husky,Chooks
Lara,2012-04-11,Dead,Ridgebackx,Sheep
Lovely Banks,2012-04-12,Dead,Rotti,Sheep
Norlane,2012-04-15,Dead,Staffy's,Cat
Mt Duneed,2012-04-16,Dead,Terrier & hound x,Chooks 
Breakwater,2012-04-16,Dead,U/K,Rabbit
Lara,2012-04-30,Dead,malamute,Chooks
Barwon Heads,2012-04-18,Bite requiring hospital visit ,weimeraner,Child
Bannockburn,2012-04-02,Minor Bites,staffy's,Dog
Avalon,2012-04-10,Mauled,U/K,Sheep
Lovely Banks,2012-04-14,Minor Bites,U/K,Dog &bitten
Indented Heads,2012-04-18,Minor Bites,Staffy,Dog bitten
Little River,2012-04-23,Minor Bites,Blue Heelers,Dog bitten
Grovedale,2012-04-12,pants torn,U/K,Child Bitten
Bell Park,2012-04-13,Pulled at pants,maltese x,Person bitten
Corio,2012-04-23,Bruise,U/K,Child Bitten
corio,2012-05-02,vet treatment required,staffy,dog
Leopold,2012-05-07,Dead,Husky,Chooks
Lara,2012-05-09,Dead,pitbull type,Sheep
Leopold,2012-05-15,dead,Unknown,Chooks Guinea pig
Corio,2012-05-01,Taken to vet,staffy,dog
Norlane,2012-05-04,Bite,Unknown,Dog
Corio,2012-05-04,bite,Unknown,dog
Leopold,2012-05-15,bite,Unknown,cat
Corio,2012-05-16,bite,Husky,cat
Lara,2012-05-16,Taken to vet,staffys,dog
Indented Heads,2012-05-17,Taken to vet,Staffyx,dog
Norlane,2012-05-19,Dead,Unknown,sheep?
St Leonards,2012-05-14,bite wound,Unknown,personbitten 
Norlane,2012-05-17,monor bite,border collie, person
Newcomb,2012-05-15,minor bite on hand,border collie,personbitten 
Portarlington,2012-05-19,bite on leg,Daschund,personbitten 
corio,2012-05-23,Dead,pitbull type,Dog
St Leonards,2012-05-23,Taken to vet,Alsatian,dog
Grovedale,2012-05-24,No injuries,Unknown,dog
Grovedale,2012-05-24,Taken to vet,Unknown,dog
Ocean Grove,2012-05-26,broken skin,Unknown,personbitten 
St Leonards,2012-05-27,Taken to vet,Unknown,dog
Lara,2012-05-23,Dead,Unknown,sheep
East Geelong,2012-05-21,broken skin,Staffy,dog
East Geelong,2012-06-01,broken skin,Unknown,personbitten 
Corio,2012-06-03,Dead,American Staffy/English Staffy,dog
Wallington,2012-06-12,Dead,Unknown,sheep
Bell Post Hill,2012-06-18,person had skin graft,Boxer,dog/person
Ocean Grove,2012-06-26,Dead,Bedlington,chickens
Leopold,2012-06-27,None,German Shepherd,Dog
Lara,2012-06-16,Unknown,Unknown,Unknown
Highton,2012-06-12,broken skin,Mini/Doberman,personbitten 
Clifton Springs,2012-06-12,None,Kelpie X,Dog
Belmont,2012-06-19,broken skin,Fox Terrier X,Person 
Highton,2012-07-31,,GreyhoundBull Dog,Dog
Corio,,Death,Red Heeler,Cat
Corio,2012-07-19,Death,,Dog
Hamlyn Heights,2012-07-14,Death,Unsure,Budgies
Waurn Ponds,2012-07-11,,Spoodle,Dog
Grovedale,2012-07-25,Missing Feathers,Staghound/CrossBull Arab Cross,Chicken
Ocean Grove,2012-08-24,Death,,Swan
Barwon Heads,2012-08-25,Death,Ridgeback/Bull Mastiff,Chicken
Newcomb,2012-08-17,Broken Skin,Lab?,Person
Belmont,2012-08-03,Broken Skin,Kelpie,Person
Grovedale,2012-08-01,Stitches Required,Lab,Dog
Clifton Springs,2012-08-22,Severe Tearing,Border CollieBull Mastiff/Cross,Dog
Norlane,2012-08-02,,Staffordshire/Bull Terrier,Dog
Bell Post Hill,2012-08-15,,Kelpie/Cross,Dog
Bell Post Hill,2012-08-19,Puncture Marks,Staffordshire/Bull Terrier,Dog
Clifton Springs,,PunctureMarks,Siberian Husky,Dog
Corio,2012-07-30,Puncture Marks,Blue Heeler/Kelpie,Person
Indented heads,2012-08-30,Puncture Marks,Koolie,Person
Leopold,2012-09-12,Death,Unsure,Chickens
Ceres,2012-09-06,Death,Unsure,Sheep
Clifton Springs,2012-09-04,Broken Skin,Unsure,Dog
Corio,2012-09-03,Broken Skin,                                                                                                                ,Person
Drysdale,2012-09-03,Bruised,Border Collie,Dog
East Geelong,2012-08-28,,Unsure,Person
Highton,2012-09-15,,German Shepherd,Person
Clifton Springs,2012-09-01,Broken Skin,Schnauzer,Dog
Belmont,2012-09-09,Death,German Shepherd,Dog
Highton,2012-09-06,Puncher Wound,,Person
Norlane,2012-09-02,Puncher Wound,Red Heeler,Dog
,,,,
Indented Head,2012-09-09,Death,Curly Haired/Retriever,Chicken
St Leonards,2012-09-23,Bite,Lhasa Apso,Person
Belmont,2012-09-09,Death,,Dog
Newtown,2012-09-24,,Staffy,Dog
Anakie,2012-10-08,Bruising,Alsation,Person
Corio,2012-10-02,,Border Collie,Dog
Lara,2012-10-06,Bite,Staffy,Person
Geelong West,2012-10-05,Bite,,Person
Geelong  ,2012-10-04,Bite,Bull/Staffy,Person
Barwon Heads,2012-10-04,Severe Tearing,German Shephard X,Dog
Belmont,2012-10-24,,American Bulldogs,Cat
Lovely Banks,2012-10-25,Death,,Sheep
Hamlyn Heights,,Death,Greyhounds,Cat
Belmont,2012-10-11,,Staffy's,Dog
Grovedale,2012-11-03,Puncture,Staffy X,Person
Newcomb,2012-10-31,Death,Malamute,Chickens
St Albans Park,2012-11-12,Puncture,Staffy and a Rotty,Dog
Highton,2012-11-19,Muscle ,Staffys,Dog
Leopold,2012-11-16,Puncture,German Shepherd,Dog
Highton,,,bull Terrier/ Pit Bull,Dog
Lovely Banks,2012-11-18,Gashes,Rotty,Person
Manifold Heights,2012-11-28,,Blue Heeler,Dog
Clifton Springs,2012-11-26,Bite,Kelpie X andGerman Shephard X,Dog
Geelong West,2012-11-19,Puncture,Bull Dog,Person
Norlane,2012-11-11,,Bull Terrier,Person
Ocean Grove,2012-12-27,Graze,Jack Russel,Person
Corio,2012-12-21,,Pitbulls,
Geelong,2012-11-26,,Bitza,Dog
,2012-12-18,Ripped Skin,Jack Russel,Alpaca
Norlane,2012-12-23,Bitten Lip,Small Dog,Child
Indented Head,2012-12-09,SevereTearing,Bull Dog,Dog
Bell Park,2011-01-01,Brocken Skin,Shih Tzu,Person
Lara,2011-01-02,Death,Unknown,Foal
Wallington,2011-04-11,Death,Labradors,Chickens
East Geelong,2011-01-13,Unknown,Ridgeback                                                                                                                                                                                                                                  Cross,Person
Geelong,2011-01-19,Death,Cavalier KC Spaniel,Chickens
Whittington,2011-01-20,Unknown,Unknown,Dog
Bell Park,2011-01-19,Severe tearing,Pitbull,Dog
Grovedale,2011-01-21,Nil,Mastiff,Dog
Norlane,2011-01-23,Death,Bull Mastiff,Chickens
Leopold,2011-01-24,Death,Staffies,Cat
Corio,2011-01-24,Death (PTS),Husky,Cat
Whittington,2011-01-20,Unknown,Unknown,Dog
Belmont,2011-02-04,Unknown,Jack Russel,Dog
St Albans Park,2011-02-09,Death                                                                                                                                                                                                                                                                 (PTS),Staffy,Cat
Grovedale,2011-02-03,Bruising,Bull Mastif,Dog
Corio,2011-02-11,Bruising,Kangal,Dog
Unknown,2011-02-07,Puncture wound,labrador,Person
Norlane,2011-02-26,Puncture wounds,Rotti,Person
Grovedale,2011-02-22,Puncture wounds,Weimaraner,Person
Lovely Banks,2011-02-18,Unknown,Wirehaired Terrier/Pointer,Dog
Corio,2011-02-17,Unknown,Terrier,Person
Drysdale,2011-02-07,Puncture                                                                                                                                                                                                                             wounds,labrador,Person
Whittington,2011-03-28,Death,Staffordshire   American Bull Dog,Dog
Corio,2011-03-24,1 x Dead                                                                                                                                                                                                                                                1 x serious                                                                                                                                                                                                                        wounds,Staffordshire   ,Dogs
Ocean Grove,2011-03-22,1 x cat dead                                                                                                                                                                                                                                                               1 x person                                                                                                                                                                                                                                       with                                                                                                                                                                                                                                  puncture                                                                                                                                                                                                                            wounds,Greyhound,DogPerson
Corio,2011-03-19,Serious wounds,Unknown,Cat
Whittington,2011-03-11,Puncture wounds,Doberman/Rottweller,Dog
Norlane,2011-03-08,Unknown,Ridgeback/MastiffEnglish Bull Terrier,Dog
Corio,2011-03-04,Death,Malimute,Cat
Newtown,2011-03-09,Puncture wounds, Jack Russel,Dog
Moolap,2011-03-20,Bruising,Unknown,DogPerson
Geelong,2011-03-29,Unknown,Rottweiler,Dogs
Belmont,2011-03-08,Puncture wounds,Heelers,Person
Curlewis,28/03/2011 30/03/2011,Unknown,Newfoundland,Person
Newcomb,2011-03-31,Dead,Pug & Boxer,Chickens and Duck
Newcomb,2011-04-01,Unknown,Staffy,Dog
Waurn Ponds,2011-04-05,,KelpieStaffy,Sheep
Grovedale,2011-04-29,Unknown,U/K,U/K
Lovely Banks,2011-05-03,,German Shepherds,Dog
Whittington,2011-05-09,,Cockerspaniel,Person
Norlane,2011-05-18,,Boxer,Dog
Belmont,2011-05-19,,Bull Terriers,Dog
Corio,2011-05-02,,Blue HeelerLabx,Person
Highton,2011-05-01,,Bull Mastiff,Dog
Belmont,2011-05-18,,,Person
Manifold Heights,2011-05-29,,Heeler/Cross,Person
Moolap,2011-05-28,,Maremma Sheepdog,Person
Ocean Grove,2011-05-10,,Labrador/BoxerPomeranian/Cross,Person
Belmont,2011-05-02,,,Person
Belmont,2011-05-20,,Labrador,Dog
Corio,2011-06-18,U/K,Bull Mastiff/Cross,Dog
Belmont,2011-06-21,U/K,Staffordshire,Dog
Bell Park,2011-06-12,U/K,Doberman Staffy,DogPerson
Ocean Grove,2011-06-28,U/K,Akita/Cross,Dog
Clifton Springs,2011-06-18,U/K,Staffordshire,Dog
Ocean Grove,2011-06-18,U/K,German S/H Pointer,Person
Whittington,2011-06-19,U/K,Bulldog,Dog
Portarlington,2011-07-18,,Unknown,Person
Lara,2011-07-25,,Rottweiler,Dog
Moolap,2011-12-07,,Akita,Dog
Moolap,2011-07-26,,Unknown,Sheep
Newtown,2011-07-14,,Staffy,Dog
Lara,2011-07-05,,Unknown,Dog
Belmont,2011-07-08,,Staffordshire/Bull Terrier,Dog
Belmont,2011-07-06,,Jack Russell,Dog
Corio,2011-08-15,,Staffordshire's,Dog
Corio,2015-05-21,,Bull Mastiff/Cross,Dog
Portarlington,2011-08-07,,,Dog
South Geelong,2011-08-08,,Staffy,Person
Norlane,2011-08-10,,,Person
Wallington,2011-08-18,,Border Collies,Sheep
Norlane,2011-08-02,,,Dog
Hamlyn Heights,2011-08-22,,Staffy,Dog
North Geelong,2011-08-24,,Jack Russel,Person
Ocean Grove,2011-09-01,,Poodle,Dog
East Geelong,2011-09-02,,Shar Pei,Person
North Geelong,2011-09-02,,Unknown,Dog
Clifton Springs,,,Unknown,Person
Bell Park,2011-09-05,,Labrador,Dog
Belmont,2011-09-07,,2 x Pitbulls??,Dog
Corio,2011-09-12,,2 x Blue Heelers 1x Maltese,Person
East Geelong,2011-09-14,,Maltese/Cross,Person
Barwon Heads,2011-09-16,,3 x Springer Spaniel,Person
Corio,2011-09-21,,Staffordshire/ Boxer,Dog
Lovely Banks,2011-09-25,,Staffordshire cross,Person
Belmont,2011-07-02,,Kelpie/Cross,Person
Anakie,2015-05-21,,Greyhound,Horse
Moolap,2011-10-02,,unknown,Dog
Whittington,2011-10-03,,Maltese Shih-Tzu,Person
Highton,2011-10-03,,Kelpie/Cross,Person
Balliang,2011-10-10,,German Shepherd,Dog
Norlane,2011-10-16,,Blue Heeler,Person
East Geelong,2011-10-20,,Staffy Cross,Person
Bell Post Hill,2011-10-26,,German Shepherd,Person
Belmont,2011-10-28,,Rottweiler,Dog
East Geelong,2011-10-10,,Kelpie/Heeler,Cat
Hamlyn Heights,2011-10-29,,BoxerBoxer x,Dog
North Geelong,2011-10-20,,,Person
Corio,2011-10-23,,2 x one tan & 1 black Pitbull or Staffys,Person
Grovedale,2011-11-25,Nil,bull arab                                                                                                                                                                                                      bull arab x,Dog
Grovedale,2011-11-25,Death,Pitbull x Boxer,Cat
Geelong West,2011-11-15,Puncture                                                                                                                                                                                                                                  wounds,Huskys,Dog
Rippleside,2011-11-09,U/K,Staffy,Dog
Whittington,2011-11-03,Surgery,U/K,Dog
Portarlington,2011-11-11,U/K,Pitbulls,Dog
St Leonards,2011-11-04,Puncture                                                                                                                                                                                                                                  wounds,Staffy's,Person
Newtown,2011-11-20,,Australian Bull Dog,Dog
Corio,2011-11-16,,U/K,Dog
Norlane,2011-11-04,,U/K,Dog
Corio,2011-11-03,,Staffordshire/Mastiff,Person
Lovely Banks,2011-10-31,,U/K,Person
Leopold,2011-11-29,,Staffy,Dog
Belmont,2011-12-11,Scratches,German Shepherd,18 month old baby
Belmont,2011-12-17,Death,Staffy/Bulldog?,Dog
Ocean Grove,2011-12-20,Both dead,Kelpie/Husky,2 x Chickens
Norlane,2011-12-20,Dead,Staffy x bull terriers,Dog
Belmont,2011-12-22,Punture                                                                                                                                                                                                                                     wounds/No injuries?,German                                                                                                                                                                                                                              Shepherd,Dog
Highton,2011-12-22,Death,Staffy ,Cat
Geelong West,2011-12-27,Lacerations,Staffy ,Dog
Hamlyn Heights,2011-12-29,Person & Dog                                                                                                                                                                                                                                      - Minor,1 x Staffy                                                                                                                                                                                                                                                  1 x Boxer pup,Person                                                                                                                                                                                                                                     Dog
Indented Head,2010-01-01,,u/k,Person
Whittington,2010-01-06,,Staffordshire/CrossKelpie/Cross,Dog
Leopold,2010-01-08,,Staffy,Dog
Ocean Grove,2010-01-11,,Malamut,Lamb
Corio,2146-09-16,,Pit Bull x,Cat
Highton,2010-01-14,,Husky,Rabbits
Clifton Springs,2010-01-15,,Pitbull X / Jack Russell,Dog
Lara,2010-01-20,,Cattledog,Person
Grovedale,Not Advised,,Staffy X / Pitbull,Dog
Newtown,2010-01-20,,Rottweiler,Dog
Belmont,2010-01-22,,Staffy,Dog
Newcomb,2010-01-25,,Staffy,Person
Corio,2010-01-29,,Jack Russell,Person
St Leonards,2010-01-23,,Border Collie/Blue Heeler,Person
St Leonards,2010-01-23,,,Person
Little River,2010-02-01,,Mastiff,Person 
Highton,2010-01-31,,Heeler,Person 
Corio,2010-02-05,,Boxer / Pitbull,Dog
Corio,2010-02-05,,Staffy / Also unknown breed,Person 
Norlane,2010-02-11,,Bull Mastiff,Cat
Geelong West,2009-02-08,,Husky,Dog
Grovedale,2002-02-12,,Unknown,Person 
Whittington,2009-02-14,,Terrier,Dog
Belmont,2010-02-02,,Rotti X,Dog
Lara,2010-02-15,,Poodle X,Person 
Newtown,2010-02-16,,Staffy x,Dog
Avalon,2010-02-21,,Unknown,Livestock
Grovedale,2010-02-22,,Pitbull,Dog
Whittington,2010-02-22,,3 x German Shepherds,Dog
Norlane,2010-02-28,,Kelpie,Person 
Corio,2010-02-28,,Staff / Pit bulls,Dog
Clifton Springs,2010-02-16,,Unknown,Person 
Norlane,2010-03-02,,Alsatian,Rabbit
St Albans Park,2010-02-25,,Staffy,Person 
Herne Hill,2010-03-02,,Jack Russell,Dog
Ocean Grove,2010-03-07,,Staghound X,Sheep
Norlane,2010-03-12,,Pitbulls,Dog
Ocean Grove,2010-03-06,,u/k,Chickens
Norlane,2003-03-18,,Bull Terrier,Dog
Corio,2010-03-24,,Lab,Dog
St Albans Park,2010-03-26,,Staffy and unknown breed,Livestock
Clifton Springs,2010-03-20,,Heeler x Shepherd,Dog
Norlane,2010-03-01,,Unknown,Person
Portarlington,2010-04-01,,Unknown,Dogs
East Geelong,2010-04-03,,Maltese,Person
Whittington,2010-04-06,,Bull Terrier,Dogs
Belmont,2010-04-05,,Bull Mastiff,Dog / Person
Connewarre,2010-04-06,,Pit Bull x,Dog
Ocean Grove,2010-04-07,,German Shepherd,Person
Ocean Grove,2010-04-08,,Akita,Cat
Norlane,2010-04-10,,Staffy's,Dog
,2010-04-12,,Cavalier King Charles Spaniel,Person
Lara,2010-04-12,,Rotti Lab Staffy,Livestock
Belmont,2010-04-16,,Husky  Bull Terrier,Chicken
Herne Hill,2010-04-16,,Staffordshire,Dog
Whittington,2010-04-16,,Bull Terrier,Person
Corio,2010-04-19,,Staffordshire,Cat
Hamlyn Heights,2010-04-19,,Boxers,Dog
Bremlea Beach,2010-04-19,,Bull Terrier,Dog
Norlane,2010-04-21,,Great DaneAmerican Staffordshire,Cat
Drysdale,2010-04-27,,Unknown,Livestock
Manifold Heights,2010-04-30,,Boxer X,Dog
Belmont,u/k,,Jack Russell/Cross,Dog
Breamlea,2010-04-18,,Bulldog X,Dog
Norlane,2010-04-24,,Unknown,Cat
Whittington,2010-05-01,,Blue Heeler,Person / Dog
Wallington,2010-05-02,,Border Collie,Person
Corio,2010-05-01,,Blue Heeler,Dog
Leopold,2010-05-04,,Jack Russell x,Person
Grovedale,2010-05-07,,Blue Heeler,Person
St Albans Park,2010-05-13,,Staff/Bull Terrier,Dog
Belmont,2010-05-14,,Pitt Bull x,Dog
Corio,2010-05-19,,Kelpie,Dog
North Geelong,2010-05-21,,2 Bulldogs,Person
Corio,2010-05-22,,Unknown,Dog
Barwon Heads,2010-05-22,,2 Staffies,Dog
Lara,2010-05-24,,1 Staffy & 1 Jack Russell,Dog
Belmont,2010-05-24,,1 Mastiff & 1 Boxer,Dog
Norlane,2010-05-24,,Rottweiler,Person
Geelong West,2010-05-12,,Unknown,Rabbits
Belmont,2010-05-15,,Husky,Rabbits
Manifold Heights,2010-04-30,,Boxer x,Dog
Corio,2010-05-13,,Staffy x,Cat
Norlane,2010-05-09,,German Shepherd,Person
St Albans Park,2010-05-13,,Staffordshire/Bull Terrier,Dog
Geelong West,2010-05-19,,2 Staffies,Person
Newcomb,2010-06-04,,Staffy x,Cat
Batesford,2010-06-08,,2 Labradors,2 Ducks
Corio,2010-06-09,,2 Staffys,Dog
Bell Park,2010-06-09,,Husky,Cat
Lara,2010-06-09,,Blue Heeler,Person
Leopold,2010-06-13,,Pitt Bull Terrier,Dog
Belmont,2010-06-13,,Bull Terrier,Dog
Whittington,2010-06-20,,2 Pitt Bulls,Dog
Lara,2010-06-20,,Unknown,Sheep
Herne Hill,2010-06-22,,Unknown,Dog
Manifold Heights,2010-06-23,,Mastiff x,Dog
Newcomb,2010-06-28,,Staffy  ,Person
Newcomb,2010-06-28,,Unknown,Person
Grovedale,2010-06-11,,Maltese/Shihtzu,Person
Manifold Heights,2010-05-23,,Unknown,Dog
Marshall,2010-06-26,,Staffys,Sheep
Whittington,2010-07-09,,Pit Bull ,Person
Portarlington,2010-07-05,,Pit Bull ,Sheep
Ocean Grove,2010-07-12,,Siberian Husky,Chickens
Waurn Ponds,2010-07-18,,Chow Chow X,Sheep
Marshall,2010-07-05,,Kelpie,Person
Lara,2010-07-08,,Jack Russells,Lamb 
Anakie,2010-07-12,,Unknown,Wildlife / Horse
Norlane,2010-07-13,,Kelpie,Dog
Corio,2010-07-23,,Unknown,Child
Ocean Grove,2010-07-23,,Unknown,Dog
Highton,2010-07-28,,Unknown,Dog
North Shore,2010-08-02,,Mastiff X,Dog
Belmont,2010-08-04,,Unknown,Chickens
Manifold Heights,2010-08-01,,Unknown,Guinea Pigs
Whittington,2010-08-17,,Pitt Bull types,Dog
Point Lonsdale,,,Unknown,Guinea Pigs
Waurn Ponds,2010-08-23,,Maltese/Shih Tzu,Person
Newcomb,2010-08-25,,Great Danes,Dog
Belmont,2010-08-25,,Staffy,Dogs
Indented Heads,2010-08-28,,Pitt Bull X,Dog
Whittington,2010-08-16,,Pitt Bull types,Dog
Clifton Springs,,,Heeler/Cross,Dog
Anakie,2010-09-01,,Unknown,Sheep/Alpacas
Highton,2010-09-02,,2 Mastiff X,Cat
Little River,2010-09-03,,No dogs registered to the property,Dogs
Newcomb,2010-09-06,,2 German Shepherds,Person & Dog
Belmont,2010-09-10,,Great Dane/Cross,Dog 
Belmont,2010-09-07,,Great Dane/Cross,Person
Geelong,2010-09-10,,German Shepherd,Person  
Geelong,2010-09-20,,Unknown,Dog
Ocean Grove,2010-09-23,,Pitt Bull Type,Dog
Corio,2010-09-23,,Beagle,Dog
Moolap,2010-09-28,,Staffy & Pitt Bull type,Dog
Highton,2010-09-29,,No dogs registered to the property,Dog
Waurn Ponds,2010-09-18,,Golden Retriever/Cross,Person
Corio,2010-10-01,,Terrier,Person
Norlane,2010-10-02,,Kelpie,Pup
Sth Geelong,2010-10-03,,Maltese,Person
Ocean Grove,2010-10-05,,Unknown,Person
Corio,2010-10-03,,Rotti,Child
Bell Post Hill,2010-10-06,,Staffy,Dog
Whittington,2010-10-06,,Alsation,Cat
Geelong West,2010-10-07,,Staffies,Dog
North Geelong,2010-10-08,,Jack Russell,Person
Newtown,08/102010,,Labrador,Rabbit
Wandana Heights,2010-10-10,,Unknown,Chickens
Ocean Grove,2010-10-15,,2 Rotti's and 1 Bull Terrier,Chickens
Wandana Heights,2010-10-15,,2 Rott's ,Dog
Norlane,2010-10-24,,Unknown,Cat
Grovedale,2010-10-24,,Unknown,Cat
Leopold,2010-10-26,,Unknown,Horses
Corio,2010-10-26,,Unknown,Child
Belmont,2010-10-27,,Maltese type,Person
Leopold,2010-10-29,,Mareema,Child
Norlane,2010-10-30,,Blue Heeler,Dog and Owner
Lara,2010-11-05,,Alsation,Child
Hamlyn Heights,2010-11-05,,Foxy,Person
Geelong West,2010-11-06,,Unknown,Rabbits
Lara,2010-11-07,,Heeler,Person
Lara,2010-11-08,,Alsation,Dog and Child
Hamlyn Heights,2010-11-08,,Unknown,Person
Norlane,2010-11-12,,Unknown,Unknown
Herne Hill,2010-11-15,,Rotti X Ridgeback,Dog  
Manifold Heights,2010-11-16,,Labrador,Dog
Whittington,2010-11-11,,Staffies,Cat
Drysdale,2010-11-12,,French Poodles,Dog
Barwon Heads,2010-11-25,,Unknown,Chickens
Corio,2010-11-29,,Siberian Husky,Cat
Wallington,2010-11-30,,Siberian Husky,Chickens
Little River,2010-11-28,,German Shepherd& Staffy,Sheep
Grovedale,2010-11-30,,Border Collie,Child
Norlane,2010-12-07,,Staffy,Dog
Moolap,2010-12-08,,Unknown,Lambs
Norlane,2010-12-06,,Unknown,Dog
Corio,2010-12-14,,Bull Arab,Person
Fyansford,2010-12-17,,Unknown,Person
Unknown,2010-12-20,,Staffy X,Dog
Grovedale,2010-12-20,,English Staffy,Dog
Unknown,2010-12-21,,Terrier,Person
Unknown,2010-12-21,,Unknown,Unknown
Lara,2010-12-25,,Unknown,Alpaca
Moolap,2010-12-27,,Staffy,Sheep
Corio,2010-12-29,,Unknown,Person
Ceres,2010-12-31,,Bitsa,Person
Grovedale,2011-12-06,,JAC,Person
